{
  "API Status" : {
    "transaction" : "API Status",
    "sampleCount" : 1,
    "errorCount" : 0,
    "errorPct" : 0.0,
    "meanResTime" : 814.0,
    "medianResTime" : 814.0,
    "minResTime" : 814.0,
    "maxResTime" : 814.0,
    "pct1ResTime" : 814.0,
    "pct2ResTime" : 814.0,
    "pct3ResTime" : 814.0,
    "throughput" : 1.2285012285012284,
    "receivedKBytesPerSec" : 0.4522900030712531,
    "sentKBytesPerSec" : 0.2315436885749386
  },
  "Register API Client" : {
    "transaction" : "Register API Client",
    "sampleCount" : 1,
    "errorCount" : 0,
    "errorPct" : 0.0,
    "meanResTime" : 368.0,
    "medianResTime" : 368.0,
    "minResTime" : 368.0,
    "maxResTime" : 368.0,
    "pct1ResTime" : 368.0,
    "pct2ResTime" : 368.0,
    "pct3ResTime" : 368.0,
    "throughput" : 2.717391304347826,
    "receivedKBytesPerSec" : 1.1941661005434783,
    "sentKBytesPerSec" : 0.7589588994565217
  },
  "Order a book" : {
    "transaction" : "Order a book",
    "sampleCount" : 1,
    "errorCount" : 0,
    "errorPct" : 0.0,
    "meanResTime" : 2561.0,
    "medianResTime" : 2561.0,
    "minResTime" : 2561.0,
    "maxResTime" : 2561.0,
    "pct1ResTime" : 2561.0,
    "pct2ResTime" : 2561.0,
    "pct3ResTime" : 2561.0,
    "throughput" : 0.39047247169074584,
    "receivedKBytesPerSec" : 0.15977340394377196,
    "sentKBytesPerSec" : 0.12278528894962905
  },
  "List of books" : {
    "transaction" : "List of books",
    "sampleCount" : 1,
    "errorCount" : 0,
    "errorPct" : 0.0,
    "meanResTime" : 1066.0,
    "medianResTime" : 1066.0,
    "minResTime" : 1066.0,
    "maxResTime" : 1066.0,
    "pct1ResTime" : 1066.0,
    "pct2ResTime" : 1066.0,
    "pct3ResTime" : 1066.0,
    "throughput" : 0.9380863039399625,
    "receivedKBytesPerSec" : 0.4580499530956848,
    "sentKBytesPerSec" : 0.20978687851782363
  },
  "Get an order" : {
    "transaction" : "Get an order",
    "sampleCount" : 1,
    "errorCount" : 0,
    "errorPct" : 0.0,
    "meanResTime" : 1093.0,
    "medianResTime" : 1093.0,
    "minResTime" : 1093.0,
    "maxResTime" : 1093.0,
    "pct1ResTime" : 1093.0,
    "pct2ResTime" : 1093.0,
    "pct3ResTime" : 1093.0,
    "throughput" : 0.9149130832570906,
    "receivedKBytesPerSec" : 0.4931953339432754,
    "sentKBytesPerSec" : 0.24213031793229645
  },
  "Total" : {
    "transaction" : "Total",
    "sampleCount" : 9,
    "errorCount" : 0,
    "errorPct" : 0.0,
    "meanResTime" : 826.4444444444445,
    "medianResTime" : 509.0,
    "minResTime" : 312.0,
    "maxResTime" : 2561.0,
    "pct1ResTime" : 2561.0,
    "pct2ResTime" : 2561.0,
    "pct3ResTime" : 2561.0,
    "throughput" : 0.5810200129115558,
    "receivedKBytesPerSec" : 0.24360474499677212,
    "sentKBytesPerSec" : 0.14683112088444158
  },
  "Update an order" : {
    "transaction" : "Update an order",
    "sampleCount" : 1,
    "errorCount" : 0,
    "errorPct" : 0.0,
    "meanResTime" : 509.0,
    "medianResTime" : 509.0,
    "minResTime" : 509.0,
    "maxResTime" : 509.0,
    "pct1ResTime" : 509.0,
    "pct2ResTime" : 509.0,
    "pct3ResTime" : 509.0,
    "throughput" : 1.9646365422396854,
    "receivedKBytesPerSec" : 0.5026706777996071,
    "sentKBytesPerSec" : 0.5602283889980354
  },
  "Get a single book" : {
    "transaction" : "Get a single book",
    "sampleCount" : 1,
    "errorCount" : 0,
    "errorPct" : 0.0,
    "meanResTime" : 312.0,
    "medianResTime" : 312.0,
    "minResTime" : 312.0,
    "maxResTime" : 312.0,
    "pct1ResTime" : 312.0,
    "pct2ResTime" : 312.0,
    "pct3ResTime" : 312.0,
    "throughput" : 3.205128205128205,
    "receivedKBytesPerSec" : 1.5305739182692308,
    "sentKBytesPerSec" : 0.6072215544871795
  },
  "Delete order" : {
    "transaction" : "Delete order",
    "sampleCount" : 1,
    "errorCount" : 0,
    "errorPct" : 0.0,
    "meanResTime" : 393.0,
    "medianResTime" : 393.0,
    "minResTime" : 393.0,
    "maxResTime" : 393.0,
    "pct1ResTime" : 393.0,
    "pct2ResTime" : 393.0,
    "pct3ResTime" : 393.0,
    "throughput" : 2.544529262086514,
    "receivedKBytesPerSec" : 0.6510416666666666,
    "sentKBytesPerSec" : 0.7280733142493638
  },
  "Get all book orders" : {
    "transaction" : "Get all book orders",
    "sampleCount" : 1,
    "errorCount" : 0,
    "errorPct" : 0.0,
    "meanResTime" : 322.0,
    "medianResTime" : 322.0,
    "minResTime" : 322.0,
    "maxResTime" : 322.0,
    "pct1ResTime" : 322.0,
    "pct2ResTime" : 322.0,
    "pct3ResTime" : 322.0,
    "throughput" : 3.105590062111801,
    "receivedKBytesPerSec" : 1.6771399456521738,
    "sentKBytesPerSec" : 0.7551678959627329
  }
}